Email, Name, Html
testuser1@absentdomain.com, Test User I, 1
testuser2@absentdomain.com, Test User II, 0
testuser3@absentdomain.com, Test User III, 1
testuser4@absentdomain.com, Test User IV, 1
testuser5@absentdomain.com, Test User V, 0
testuser6@absentdomain.com, Test User VI, 0
testuser7@absentdomain.com, Test User VII, 1
testuser8@absentdomain.com, Test User VIII, 0
testuser9@absentdomain.com, Test User IX, 1
testuser10@absentdomain.com, Test User X, 0
testuser11@absentdomain.com, Test User XI, 1
testuser12@absentdomain.com, Test User XII, 1
